ct10_id,muni_id,muni_name,cosub_cn10,join_type
25001010100,242,Provincetown,2500155500,max_area_overlap
25001010206,318,Wellfleet,2500174385,max_area_overlap
25001010208,300,Truro,2500170605,max_area_overlap
25001010304,86,Eastham,2500119295,max_area_overlap
25001010306,86,Eastham,2500119295,max_area_overlap
25001010400,224,Orleans,2500151440,max_area_overlap
25001010500,224,Orleans,2500151440,max_area_overlap
25001010600,55,Chatham,2500112995,max_area_overlap
25001010700,55,Chatham,2500112995,max_area_overlap
25001010800,41,Brewster,2500107980,max_area_overlap
25001010900,41,Brewster,2500107980,max_area_overlap
25001011002,126,Harwich,2500129020,max_area_overlap
25001011100,126,Harwich,2500129020,max_area_overlap
25001011200,126,Harwich,2500129020,max_area_overlap
25001011300,75,Dennis,2500116775,max_area_overlap
25001011400,75,Dennis,2500116775,max_area_overlap
25001011500,75,Dennis,2500116775,max_area_overlap
25001011600,75,Dennis,2500116775,max_area_overlap
25001011700,75,Dennis,2500116775,max_area_overlap
25001011801,351,Yarmouth,2500182525,max_area_overlap
25001011802,351,Yarmouth,2500182525,max_area_overlap
25001012001,351,Yarmouth,2500182525,max_area_overlap
25001012002,351,Yarmouth,2500182525,max_area_overlap
25001012101,351,Yarmouth,2500182525,max_area_overlap
25001012102,351,Yarmouth,2500182525,max_area_overlap
25001012200,20,Barnstable,2500103690,max_area_overlap
25001012502,20,Barnstable,2500103690,max_area_overlap
25001012601,20,Barnstable,2500103690,max_area_overlap
25001012602,20,Barnstable,2500103690,max_area_overlap
25001012700,20,Barnstable,2500103690,max_area_overlap
25001012800,20,Barnstable,2500103690,max_area_overlap
25001012900,20,Barnstable,2500103690,max_area_overlap
25001013002,20,Barnstable,2500103690,max_area_overlap
25001013100,20,Barnstable,2500103690,max_area_overlap
25001013200,20,Barnstable,2500103690,max_area_overlap
25001013300,261,Sandwich,2500159735,max_area_overlap
25001013400,261,Sandwich,2500159735,max_area_overlap
25001013500,261,Sandwich,2500159735,max_area_overlap
25001013600,261,Sandwich,2500159735,max_area_overlap
25001013700,36,Bourne,2500107175,max_area_overlap
25001013800,36,Bourne,2500107175,max_area_overlap
25001013900,36,Bourne,2500107175,max_area_overlap
25001014002,36,Bourne,2500107175,max_area_overlap
25001014100,36,Bourne,2500107175,max_area_overlap
25001014300,96,Falmouth,2500123105,max_area_overlap
25001014402,96,Falmouth,2500123105,max_area_overlap
25001014500,96,Falmouth,2500123105,max_area_overlap
25001014600,96,Falmouth,2500123105,max_area_overlap
25001014700,96,Falmouth,2500123105,max_area_overlap
25001014800,96,Falmouth,2500123105,max_area_overlap
25001014900,96,Falmouth,2500123105,max_area_overlap
25001015001,172,Mashpee,2500139100,max_area_overlap
25001015002,172,Mashpee,2500139100,max_area_overlap
25001015100,172,Mashpee,2500139100,max_area_overlap
25001015200,172,Mashpee,2500139100,max_area_overlap
25001015300,20,Barnstable,2500103690,max_area_overlap
25001990000,126,Harwich,2500129020,max_area_overlap
25003900100,236,Pittsfield,2500353960,max_area_overlap
25003900200,236,Pittsfield,2500353960,max_area_overlap
25003900300,236,Pittsfield,2500353960,max_area_overlap
25003900400,236,Pittsfield,2500353960,max_area_overlap
25003900500,236,Pittsfield,2500353960,max_area_overlap
25003900600,236,Pittsfield,2500353960,max_area_overlap
25003900700,236,Pittsfield,2500353960,max_area_overlap
25003900800,236,Pittsfield,2500353960,max_area_overlap
25003900900,236,Pittsfield,2500353960,max_area_overlap
25003901100,236,Pittsfield,2500353960,max_area_overlap
25003911100,148,Lanesborough,2500334340,max_area_overlap
25003912100,70,Dalton,2500316180,max_area_overlap
25003913100,152,Lenox,2500334970,max_area_overlap
25003914100,150,Lee,2500334655,max_area_overlap
25003920101,341,Williamstown,2500379985,max_area_overlap
25003920102,341,Williamstown,2500379985,max_area_overlap
25003921300,209,North Adams,2500346225,max_area_overlap
25003921400,209,North Adams,2500346225,max_area_overlap
25003921500,209,North Adams,2500346225,max_area_overlap
25003922100,4,Adams,2500300555,max_area_overlap
25003922200,4,Adams,2500300555,max_area_overlap
25003922300,4,Adams,2500300555,max_area_overlap
25003923100,58,Cheshire,2500313345,max_area_overlap
25003924100,283,Stockbridge,2500367595,max_area_overlap
25003925100,113,Great Barrington,2500326815,max_area_overlap
25003926100,267,Sheffield,2500361065,max_area_overlap
25003931100,63,Clarksburg,2500314010,max_area_overlap
25003931300,263,Savoy,2500360225,max_area_overlap
25003931400,345,Windsor,2500380685,max_area_overlap
25003932200,22,Becket,2500304545,max_area_overlap
25003932300,132,Hinsdale,2500330315,max_area_overlap
25003933200,193,Monterey,2500342460,max_area_overlap
25003933300,203,New Marlborough,2500345420,max_area_overlap
25003933400,260,Sandisfield,2500359665,max_area_overlap
25003934200,326,West Stockbridge,2500377990,max_area_overlap
25003934300,195,Mount Washington,2500343300,max_area_overlap
25003935100,121,Hancock,2500328180,max_area_overlap
25003935200,236,Pittsfield,2500353960,max_area_overlap
25003935300,209,North Adams,2500346225,max_area_overlap
25005600100,88,Easton,2500520100,max_area_overlap
25005600202,88,Easton,2500520100,max_area_overlap
25005600203,88,Easton,2500520100,max_area_overlap
25005600204,88,Easton,2500520100,max_area_overlap
25005610100,167,Mansfield,2500538225,max_area_overlap
25005610202,167,Mansfield,2500538225,max_area_overlap
25005610203,167,Mansfield,2500538225,max_area_overlap
25005610204,167,Mansfield,2500538225,max_area_overlap
25005611101,218,Norton,2500549970,max_area_overlap
25005611102,218,Norton,2500549970,max_area_overlap
25005611201,218,Norton,2500549970,max_area_overlap
25005611202,218,Norton,2500549970,max_area_overlap
25005612100,245,Raynham,2500556060,max_area_overlap
25005612200,245,Raynham,2500556060,max_area_overlap
25005613100,293,Taunton,2500569170,max_area_overlap
25005613300,293,Taunton,2500569170,max_area_overlap
25005613400,293,Taunton,2500569170,max_area_overlap
25005613600,293,Taunton,2500569170,max_area_overlap
25005613700,293,Taunton,2500569170,max_area_overlap
25005613800,293,Taunton,2500569170,max_area_overlap
25005613901,293,Taunton,2500569170,max_area_overlap
25005613902,293,Taunton,2500569170,max_area_overlap
25005614000,293,Taunton,2500569170,max_area_overlap
25005614101,293,Taunton,2500569170,max_area_overlap
25005614102,293,Taunton,2500569170,max_area_overlap
25005615100,76,Dighton,2500516950,max_area_overlap
25005616100,27,Berkley,2500505280,max_area_overlap
25005617101,102,Freetown,2500525240,max_area_overlap
25005617102,102,Freetown,2500525240,max_area_overlap
25005630101,211,North Attleborough,2500546575,max_area_overlap
25005630102,211,North Attleborough,2500546575,max_area_overlap
25005630200,211,North Attleborough,2500546575,max_area_overlap
25005630300,211,North Attleborough,2500546575,max_area_overlap
25005630400,211,North Attleborough,2500546575,max_area_overlap
25005631100,16,Attleboro,2500502690,max_area_overlap
25005631200,16,Attleboro,2500502690,max_area_overlap
25005631300,16,Attleboro,2500502690,max_area_overlap
25005631400,16,Attleboro,2500502690,max_area_overlap
25005631500,16,Attleboro,2500502690,max_area_overlap
25005631600,16,Attleboro,2500502690,max_area_overlap
25005631700,16,Attleboro,2500502690,max_area_overlap
25005631800,16,Attleboro,2500502690,max_area_overlap
25005632100,265,Seekonk,2500560645,max_area_overlap
25005632200,265,Seekonk,2500560645,max_area_overlap
25005633100,247,Rehoboth,2500556375,max_area_overlap
25005633200,247,Rehoboth,2500556375,max_area_overlap
25005640100,95,Fall River,2500523000,max_area_overlap
25005640200,95,Fall River,2500523000,max_area_overlap
25005640300,95,Fall River,2500523000,max_area_overlap
25005640400,95,Fall River,2500523000,max_area_overlap
25005640500,95,Fall River,2500523000,max_area_overlap
25005640600,95,Fall River,2500523000,max_area_overlap
25005640700,95,Fall River,2500523000,max_area_overlap
25005640800,95,Fall River,2500523000,max_area_overlap
25005640901,95,Fall River,2500523000,max_area_overlap
25005641000,95,Fall River,2500523000,max_area_overlap
25005641101,95,Fall River,2500523000,max_area_overlap
25005641200,95,Fall River,2500523000,max_area_overlap
25005641300,95,Fall River,2500523000,max_area_overlap
25005641400,95,Fall River,2500523000,max_area_overlap
25005641500,95,Fall River,2500523000,max_area_overlap
25005641600,95,Fall River,2500523000,max_area_overlap
25005641700,95,Fall River,2500523000,max_area_overlap
25005641800,95,Fall River,2500523000,max_area_overlap
25005641900,95,Fall River,2500523000,max_area_overlap
25005642000,95,Fall River,2500523000,max_area_overlap
25005642100,95,Fall River,2500523000,max_area_overlap
25005642200,95,Fall River,2500523000,max_area_overlap
25005642300,95,Fall River,2500523000,max_area_overlap
25005642400,95,Fall River,2500523000,max_area_overlap
25005642500,95,Fall River,2500523000,max_area_overlap
25005644101,273,Somerset,2500562430,max_area_overlap
25005644102,273,Somerset,2500562430,max_area_overlap
25005644200,273,Somerset,2500562430,max_area_overlap
25005645101,292,Swansea,2500568750,max_area_overlap
25005645102,292,Swansea,2500568750,max_area_overlap
25005645103,292,Swansea,2500568750,max_area_overlap
25005646101,334,Westport,2500577570,max_area_overlap
25005646103,334,Westport,2500577570,max_area_overlap
25005646104,334,Westport,2500577570,max_area_overlap
25005650101,201,New Bedford,2500545000,max_area_overlap
25005650102,201,New Bedford,2500545000,max_area_overlap
25005650201,201,New Bedford,2500545000,max_area_overlap
25005650202,201,New Bedford,2500545000,max_area_overlap
25005650300,201,New Bedford,2500545000,max_area_overlap
25005650400,201,New Bedford,2500545000,max_area_overlap
25005650500,201,New Bedford,2500545000,max_area_overlap
25005650600,201,New Bedford,2500545000,max_area_overlap
25005650700,201,New Bedford,2500545000,max_area_overlap
25005650800,201,New Bedford,2500545000,max_area_overlap
25005650900,201,New Bedford,2500545000,max_area_overlap
25005651001,201,New Bedford,2500545000,max_area_overlap
25005651002,201,New Bedford,2500545000,max_area_overlap
25005651100,201,New Bedford,2500545000,max_area_overlap
25005651200,201,New Bedford,2500545000,max_area_overlap
25005651300,201,New Bedford,2500545000,max_area_overlap
25005651400,201,New Bedford,2500545000,max_area_overlap
25005651500,201,New Bedford,2500545000,max_area_overlap
25005651600,201,New Bedford,2500545000,max_area_overlap
25005651700,201,New Bedford,2500545000,max_area_overlap
25005651800,201,New Bedford,2500545000,max_area_overlap
25005651900,201,New Bedford,2500545000,max_area_overlap
25005652000,201,New Bedford,2500545000,max_area_overlap
25005652100,201,New Bedford,2500545000,max_area_overlap
25005652200,201,New Bedford,2500545000,max_area_overlap
25005652300,201,New Bedford,2500545000,max_area_overlap
25005652400,201,New Bedford,2500545000,max_area_overlap
25005652500,201,New Bedford,2500545000,max_area_overlap
25005652600,201,New Bedford,2500545000,max_area_overlap
25005652700,201,New Bedford,2500545000,max_area_overlap
25005652800,201,New Bedford,2500545000,max_area_overlap
25005653101,72,Dartmouth,2500516425,max_area_overlap
25005653102,72,Dartmouth,2500516425,max_area_overlap
25005653203,72,Dartmouth,2500516425,max_area_overlap
25005653204,72,Dartmouth,2500516425,max_area_overlap
25005653301,72,Dartmouth,2500516425,max_area_overlap
25005653304,72,Dartmouth,2500516425,max_area_overlap
25005654100,3,Acushnet,2500500520,max_area_overlap
25005654200,3,Acushnet,2500500520,max_area_overlap
25005655100,94,Fairhaven,2500522130,max_area_overlap
25005655200,94,Fairhaven,2500522130,max_area_overlap
25005655300,94,Fairhaven,2500522130,max_area_overlap
25005655400,94,Fairhaven,2500522130,max_area_overlap
25005985500,72,Dartmouth,2500516425,max_area_overlap
25005985600,88,Easton,2500520100,max_area_overlap
25005990000,72,Dartmouth,2500516425,max_area_overlap
25007200100,296,Tisbury,2500769940,max_area_overlap
25007200200,221,Oak Bluffs,2500750390,max_area_overlap
25007200300,89,Edgartown,2500721150,max_area_overlap
25007200400,62,Chilmark,2500713800,max_area_overlap
25007990000,109,Gosnold,2500726325,max_area_overlap
25009201100,196,Nahant,2500943580,max_area_overlap
25009202101,291,Swampscott,2500968645,max_area_overlap
25009202102,291,Swampscott,2500968645,max_area_overlap
25009202200,291,Swampscott,2500968645,max_area_overlap
25009203100,168,Marblehead,2500938400,max_area_overlap
25009203200,168,Marblehead,2500938400,max_area_overlap
25009203301,168,Marblehead,2500938400,max_area_overlap
25009203302,168,Marblehead,2500938400,max_area_overlap
25009204101,258,Salem,2500959105,max_area_overlap
25009204102,258,Salem,2500959105,max_area_overlap
25009204200,258,Salem,2500959105,max_area_overlap
25009204300,258,Salem,2500959105,max_area_overlap
25009204400,258,Salem,2500959105,max_area_overlap
25009204500,258,Salem,2500959105,max_area_overlap
25009204600,258,Salem,2500959105,max_area_overlap
25009204701,258,Salem,2500959105,max_area_overlap
25009204702,258,Salem,2500959105,max_area_overlap
25009205100,163,Lynn,2500937490,max_area_overlap
25009205200,163,Lynn,2500937490,max_area_overlap
25009205300,163,Lynn,2500937490,max_area_overlap
25009205400,163,Lynn,2500937490,max_area_overlap
25009205500,163,Lynn,2500937490,max_area_overlap
25009205600,163,Lynn,2500937490,max_area_overlap
25009205700,163,Lynn,2500937490,max_area_overlap
25009205800,163,Lynn,2500937490,max_area_overlap
25009205900,163,Lynn,2500937490,max_area_overlap
25009206000,163,Lynn,2500937490,max_area_overlap
25009206100,163,Lynn,2500937490,max_area_overlap
25009206200,163,Lynn,2500937490,max_area_overlap
25009206300,163,Lynn,2500937490,max_area_overlap
25009206400,163,Lynn,2500937490,max_area_overlap
25009206500,163,Lynn,2500937490,max_area_overlap
25009206600,163,Lynn,2500937490,max_area_overlap
25009206700,163,Lynn,2500937490,max_area_overlap
25009206800,163,Lynn,2500937490,max_area_overlap
25009206900,163,Lynn,2500937490,max_area_overlap
25009207000,163,Lynn,2500937490,max_area_overlap
25009207100,163,Lynn,2500937490,max_area_overlap
25009207200,163,Lynn,2500937490,max_area_overlap
25009208101,262,Saugus,2500960015,max_area_overlap
25009208102,262,Saugus,2500960015,max_area_overlap
25009208200,262,Saugus,2500960015,max_area_overlap
25009208300,262,Saugus,2500960015,max_area_overlap
25009208400,262,Saugus,2500960015,max_area_overlap
25009209100,164,Lynnfield,2500937560,max_area_overlap
25009209200,164,Lynnfield,2500937560,max_area_overlap
25009210100,229,Peabody,2500952490,max_area_overlap
25009210200,229,Peabody,2500952490,max_area_overlap
25009210300,229,Peabody,2500952490,max_area_overlap
25009210400,229,Peabody,2500952490,max_area_overlap
25009210500,229,Peabody,2500952490,max_area_overlap
25009210600,229,Peabody,2500952490,max_area_overlap
25009210700,229,Peabody,2500952490,max_area_overlap
25009210800,229,Peabody,2500952490,max_area_overlap
25009210900,229,Peabody,2500952490,max_area_overlap
25009211100,71,Danvers,2500916250,max_area_overlap
25009211200,71,Danvers,2500916250,max_area_overlap
25009211300,71,Danvers,2500916250,max_area_overlap
25009211401,71,Danvers,2500916250,max_area_overlap
25009211402,71,Danvers,2500916250,max_area_overlap
25009212100,184,Middleton,2500941095,max_area_overlap
25009213100,38,Boxford,2500907420,max_area_overlap
25009214100,298,Topsfield,2500970150,max_area_overlap
25009215101,119,Hamilton,2500927900,max_area_overlap
25009215102,119,Hamilton,2500927900,max_area_overlap
25009216100,320,Wenham,2500974595,max_area_overlap
25009217100,30,Beverly,2500905595,max_area_overlap
25009217201,30,Beverly,2500905595,max_area_overlap
25009217202,30,Beverly,2500905595,max_area_overlap
25009217300,30,Beverly,2500905595,max_area_overlap
25009217400,30,Beverly,2500905595,max_area_overlap
25009217500,30,Beverly,2500905595,max_area_overlap
25009217600,30,Beverly,2500905595,max_area_overlap
25009218100,166,Manchester-by-the-Sea,2500937995,max_area_overlap
25009220101,252,Rockport,2500957880,max_area_overlap
25009220102,252,Rockport,2500957880,max_area_overlap
25009221100,107,Gloucester,2500926150,max_area_overlap
25009221300,107,Gloucester,2500926150,max_area_overlap
25009221400,107,Gloucester,2500926150,max_area_overlap
25009221500,107,Gloucester,2500926150,max_area_overlap
25009221600,107,Gloucester,2500926150,max_area_overlap
25009221700,107,Gloucester,2500926150,max_area_overlap
25009221800,107,Gloucester,2500926150,max_area_overlap
25009221901,107,Gloucester,2500926150,max_area_overlap
25009221902,107,Gloucester,2500926150,max_area_overlap
25009222100,92,Essex,2500921850,max_area_overlap
25009223100,144,Ipswich,2500932310,max_area_overlap
25009223200,144,Ipswich,2500932310,max_area_overlap
25009223300,144,Ipswich,2500932310,max_area_overlap
25009250100,149,Lawrence,2500934550,max_area_overlap
25009250200,149,Lawrence,2500934550,max_area_overlap
25009250300,149,Lawrence,2500934550,max_area_overlap
25009250400,149,Lawrence,2500934550,max_area_overlap
25009250500,149,Lawrence,2500934550,max_area_overlap
25009250600,149,Lawrence,2500934550,max_area_overlap
25009250700,149,Lawrence,2500934550,max_area_overlap
25009250800,149,Lawrence,2500934550,max_area_overlap
25009250900,149,Lawrence,2500934550,max_area_overlap
25009251000,149,Lawrence,2500934550,max_area_overlap
25009251100,149,Lawrence,2500934550,max_area_overlap
25009251200,149,Lawrence,2500934550,max_area_overlap
25009251300,149,Lawrence,2500934550,max_area_overlap
25009251400,149,Lawrence,2500934550,max_area_overlap
25009251500,149,Lawrence,2500934550,max_area_overlap
25009251600,149,Lawrence,2500934550,max_area_overlap
25009251700,149,Lawrence,2500934550,max_area_overlap
25009251800,149,Lawrence,2500934550,max_area_overlap
25009252101,181,Methuen,2500940710,max_area_overlap
25009252102,181,Methuen,2500940710,max_area_overlap
25009252201,181,Methuen,2500940710,max_area_overlap
25009252202,181,Methuen,2500940710,max_area_overlap
25009252300,181,Methuen,2500940710,max_area_overlap
25009252400,181,Methuen,2500940710,max_area_overlap
25009252501,181,Methuen,2500940710,max_area_overlap
25009252502,181,Methuen,2500940710,max_area_overlap
25009252601,181,Methuen,2500940710,max_area_overlap
25009252602,181,Methuen,2500940710,max_area_overlap
25009252603,181,Methuen,2500940710,max_area_overlap
25009253100,210,North Andover,2500946365,max_area_overlap
25009253201,210,North Andover,2500946365,max_area_overlap
25009253202,210,North Andover,2500946365,max_area_overlap
25009253203,210,North Andover,2500946365,max_area_overlap
25009253204,210,North Andover,2500946365,max_area_overlap
25009253205,210,North Andover,2500946365,max_area_overlap
25009254100,9,Andover,2500901465,max_area_overlap
25009254200,9,Andover,2500901465,max_area_overlap
25009254301,9,Andover,2500901465,max_area_overlap
25009254302,9,Andover,2500901465,max_area_overlap
25009254401,9,Andover,2500901465,max_area_overlap
25009254402,9,Andover,2500901465,max_area_overlap
25009254403,9,Andover,2500901465,max_area_overlap
25009260100,128,Haverhill,2500929405,max_area_overlap
25009260200,128,Haverhill,2500929405,max_area_overlap
25009260301,128,Haverhill,2500929405,max_area_overlap
25009260302,128,Haverhill,2500929405,max_area_overlap
25009260401,128,Haverhill,2500929405,max_area_overlap
25009260402,128,Haverhill,2500929405,max_area_overlap
25009260500,128,Haverhill,2500929405,max_area_overlap
25009260600,128,Haverhill,2500929405,max_area_overlap
25009260700,128,Haverhill,2500929405,max_area_overlap
25009260800,128,Haverhill,2500929405,max_area_overlap
25009260900,128,Haverhill,2500929405,max_area_overlap
25009261000,128,Haverhill,2500929405,max_area_overlap
25009261101,128,Haverhill,2500929405,max_area_overlap
25009261102,128,Haverhill,2500929405,max_area_overlap
25009262100,180,Merrimac,2500940430,max_area_overlap
25009263100,324,West Newbury,2500977150,max_area_overlap
25009264100,116,Groveland,2500927620,max_area_overlap
25009265101,105,Georgetown,2500925625,max_area_overlap
25009265102,105,Georgetown,2500925625,max_area_overlap
25009266100,7,Amesbury,2500901260,max_area_overlap
25009266200,7,Amesbury,2500901260,max_area_overlap
25009266300,7,Amesbury,2500901260,max_area_overlap
25009266400,7,Amesbury,2500901260,max_area_overlap
25009267101,259,Salisbury,2500959245,max_area_overlap
25009267102,259,Salisbury,2500959245,max_area_overlap
25009268100,206,Newburyport,2500945245,max_area_overlap
25009268200,206,Newburyport,2500945245,max_area_overlap
25009268300,206,Newburyport,2500945245,max_area_overlap
25009268400,206,Newburyport,2500945245,max_area_overlap
25009269100,205,Newbury,2500945175,max_area_overlap
25009270100,254,Rowley,2500958405,max_area_overlap
25009990100,196,Nahant,2500943580,max_area_overlap
25011040100,66,Colrain,2501114885,max_area_overlap
25011040200,29,Bernardston,2501105560,max_area_overlap
25011040300,217,Northfield,2501147835,max_area_overlap
25011040400,312,Warwick,2501173265,max_area_overlap
25011040501,223,Orange,2501151265,max_area_overlap
25011040502,223,Orange,2501151265,max_area_overlap
25011040600,204,New Salem,2501145490,max_area_overlap
25011040701,192,Montague,2501142285,max_area_overlap
25011040702,192,Montague,2501142285,max_area_overlap
25011040800,337,Whately,2501179110,max_area_overlap
25011040900,74,Deerfield,2501116670,max_area_overlap
25011041000,114,Greenfield,2501127100,max_area_overlap
25011041100,114,Greenfield,2501127100,max_area_overlap
25011041200,114,Greenfield,2501127100,max_area_overlap
25011041300,114,Greenfield,2501127100,max_area_overlap
25011041400,114,Greenfield,2501127100,max_area_overlap
25011041501,13,Ashfield,2501102095,max_area_overlap
25011041502,268,Shelburne,2501161135,max_area_overlap
25013800101,281,Springfield,2501367000,max_area_overlap
25013800102,281,Springfield,2501367000,max_area_overlap
25013800201,281,Springfield,2501367000,max_area_overlap
25013800202,281,Springfield,2501367000,max_area_overlap
25013800300,281,Springfield,2501367000,max_area_overlap
25013800400,281,Springfield,2501367000,max_area_overlap
25013800500,281,Springfield,2501367000,max_area_overlap
25013800600,281,Springfield,2501367000,max_area_overlap
25013800700,281,Springfield,2501367000,max_area_overlap
25013800800,281,Springfield,2501367000,max_area_overlap
25013800900,281,Springfield,2501367000,max_area_overlap
25013801101,281,Springfield,2501367000,max_area_overlap
25013801102,281,Springfield,2501367000,max_area_overlap
25013801200,281,Springfield,2501367000,max_area_overlap
25013801300,281,Springfield,2501367000,max_area_overlap
25013801401,281,Springfield,2501367000,max_area_overlap
25013801402,281,Springfield,2501367000,max_area_overlap
25013801501,281,Springfield,2501367000,max_area_overlap
25013801502,281,Springfield,2501367000,max_area_overlap
25013801503,281,Springfield,2501367000,max_area_overlap
25013801601,281,Springfield,2501367000,max_area_overlap
25013801602,281,Springfield,2501367000,max_area_overlap
25013801603,281,Springfield,2501367000,max_area_overlap
25013801604,281,Springfield,2501367000,max_area_overlap
25013801605,281,Springfield,2501367000,max_area_overlap
25013801700,281,Springfield,2501367000,max_area_overlap
25013801800,281,Springfield,2501367000,max_area_overlap
25013801901,281,Springfield,2501367000,max_area_overlap
25013801902,281,Springfield,2501367000,max_area_overlap
25013802000,281,Springfield,2501367000,max_area_overlap
25013802100,281,Springfield,2501367000,max_area_overlap
25013802200,281,Springfield,2501367000,max_area_overlap
25013802300,281,Springfield,2501367000,max_area_overlap
25013802400,281,Springfield,2501367000,max_area_overlap
25013802500,281,Springfield,2501367000,max_area_overlap
25013802601,281,Springfield,2501367000,max_area_overlap
25013802602,281,Springfield,2501367000,max_area_overlap
25013810100,227,Palmer,2501352144,max_area_overlap
25013810200,227,Palmer,2501352144,max_area_overlap
25013810300,227,Palmer,2501352144,max_area_overlap
25013810403,161,Ludlow,2501337175,max_area_overlap
25013810404,161,Ludlow,2501337175,max_area_overlap
25013810412,161,Ludlow,2501337175,max_area_overlap
25013810414,161,Ludlow,2501337175,max_area_overlap
25013810601,61,Chicopee,2501313660,max_area_overlap
25013810602,61,Chicopee,2501313660,max_area_overlap
25013810700,61,Chicopee,2501313660,max_area_overlap
25013810800,61,Chicopee,2501313660,max_area_overlap
25013810901,61,Chicopee,2501313660,max_area_overlap
25013810902,61,Chicopee,2501313660,max_area_overlap
25013811000,61,Chicopee,2501313660,max_area_overlap
25013811101,61,Chicopee,2501313660,max_area_overlap
25013811102,61,Chicopee,2501313660,max_area_overlap
25013811200,61,Chicopee,2501313660,max_area_overlap
25013811301,61,Chicopee,2501313660,max_area_overlap
25013811302,61,Chicopee,2501313660,max_area_overlap
25013811400,137,Holyoke,2501330840,max_area_overlap
25013811500,137,Holyoke,2501330840,max_area_overlap
25013811600,137,Holyoke,2501330840,max_area_overlap
25013811700,137,Holyoke,2501330840,max_area_overlap
25013811800,137,Holyoke,2501330840,max_area_overlap
25013811900,137,Holyoke,2501330840,max_area_overlap
25013812001,137,Holyoke,2501330840,max_area_overlap
25013812002,137,Holyoke,2501330840,max_area_overlap
25013812101,137,Holyoke,2501330840,max_area_overlap
25013812103,137,Holyoke,2501330840,max_area_overlap
25013812104,137,Holyoke,2501330840,max_area_overlap
25013812201,325,West Springfield,2501377890,max_area_overlap
25013812202,325,West Springfield,2501377890,max_area_overlap
25013812300,325,West Springfield,2501377890,max_area_overlap
25013812401,325,West Springfield,2501377890,max_area_overlap
25013812403,325,West Springfield,2501377890,max_area_overlap
25013812404,325,West Springfield,2501377890,max_area_overlap
25013812500,329,Westfield,2501376030,max_area_overlap
25013812600,329,Westfield,2501376030,max_area_overlap
25013812701,329,Westfield,2501376030,max_area_overlap
25013812702,329,Westfield,2501376030,max_area_overlap
25013812800,329,Westfield,2501376030,max_area_overlap
25013812901,329,Westfield,2501376030,max_area_overlap
25013812902,329,Westfield,2501376030,max_area_overlap
25013812903,329,Westfield,2501376030,max_area_overlap
25013813000,33,Blandford,2501306085,max_area_overlap
25013813101,279,Southwick,2501365825,max_area_overlap
25013813102,279,Southwick,2501365825,max_area_overlap
25013813204,5,Agawam,2501300840,max_area_overlap
25013813205,5,Agawam,2501300840,max_area_overlap
25013813206,5,Agawam,2501300840,max_area_overlap
25013813207,5,Agawam,2501300840,max_area_overlap
25013813208,5,Agawam,2501300840,max_area_overlap
25013813209,5,Agawam,2501300840,max_area_overlap
25013813301,159,Longmeadow,2501336300,max_area_overlap
25013813303,159,Longmeadow,2501336300,max_area_overlap
25013813304,159,Longmeadow,2501336300,max_area_overlap
25013813401,85,East Longmeadow,2501319645,max_area_overlap
25013813403,85,East Longmeadow,2501319645,max_area_overlap
25013813404,85,East Longmeadow,2501319645,max_area_overlap
25013813500,120,Hampden,2501328075,max_area_overlap
25013813601,339,Wilbraham,2501379740,max_area_overlap
25013813602,339,Wilbraham,2501379740,max_area_overlap
25013813701,191,Monson,2501342145,max_area_overlap
25013813702,191,Monson,2501342145,max_area_overlap
25013813801,306,Wales,2501372390,max_area_overlap
25013813802,43,Brimfield,2501308470,max_area_overlap
25015820101,309,Ware,2501572880,max_area_overlap
25015820102,309,Ware,2501572880,max_area_overlap
25015820202,230,Pelham,2501552560,max_area_overlap
25015820203,24,Belchertown,2501504825,max_area_overlap
25015820204,24,Belchertown,2501504825,max_area_overlap
25015820300,8,Amherst,2501501325,max_area_overlap
25015820400,8,Amherst,2501501325,max_area_overlap
25015820500,8,Amherst,2501501325,max_area_overlap
25015820600,8,Amherst,2501501325,max_area_overlap
25015820700,8,Amherst,2501501325,max_area_overlap
25015820801,8,Amherst,2501501325,max_area_overlap
25015820802,8,Amherst,2501501325,max_area_overlap
25015820900,111,Granby,2501526535,max_area_overlap
25015821000,275,South Hadley,2501564145,max_area_overlap
25015821100,275,South Hadley,2501564145,max_area_overlap
25015821200,275,South Hadley,2501564145,max_area_overlap
25015821300,275,South Hadley,2501564145,max_area_overlap
25015821400,117,Hadley,2501527690,max_area_overlap
25015821500,127,Hatfield,2501529265,max_area_overlap
25015821601,214,Northampton,2501546330,max_area_overlap
25015821602,214,Northampton,2501546330,max_area_overlap
25015821700,214,Northampton,2501546330,max_area_overlap
25015821901,214,Northampton,2501546330,max_area_overlap
25015821903,214,Northampton,2501546330,max_area_overlap
25015821904,214,Northampton,2501546330,max_area_overlap
25015822000,214,Northampton,2501546330,max_area_overlap
25015822200,214,Northampton,2501546330,max_area_overlap
25015822300,87,Easthampton,2501519370,max_area_overlap
25015822401,87,Easthampton,2501519370,max_area_overlap
25015822402,87,Easthampton,2501519370,max_area_overlap
25015822500,276,Southampton,2501562745,max_area_overlap
25015822601,143,Huntington,2501531785,max_area_overlap
25015822603,331,Westhampton,2501576380,max_area_overlap
25015822605,60,Chesterfield,2501513590,max_area_overlap
25015822606,340,Williamsburg,2501579915,max_area_overlap
25015822700,349,Worthington,2501582175,max_area_overlap
25017300100,12,Ashby,2501701955,max_area_overlap
25017301101,299,Townsend,2501770360,max_area_overlap
25017301102,299,Townsend,2501770360,max_area_overlap
25017310100,160,Lowell,2501737000,max_area_overlap
25017310200,160,Lowell,2501737000,max_area_overlap
25017310300,160,Lowell,2501737000,max_area_overlap
25017310400,160,Lowell,2501737000,max_area_overlap
25017310500,160,Lowell,2501737000,max_area_overlap
25017310601,160,Lowell,2501737000,max_area_overlap
25017310602,160,Lowell,2501737000,max_area_overlap
25017310700,160,Lowell,2501737000,max_area_overlap
25017311100,160,Lowell,2501737000,max_area_overlap
25017311200,160,Lowell,2501737000,max_area_overlap
25017311300,160,Lowell,2501737000,max_area_overlap
25017311400,160,Lowell,2501737000,max_area_overlap
25017311500,160,Lowell,2501737000,max_area_overlap
25017311600,160,Lowell,2501737000,max_area_overlap
25017311700,160,Lowell,2501737000,max_area_overlap
25017311800,160,Lowell,2501737000,max_area_overlap
25017311900,160,Lowell,2501737000,max_area_overlap
25017312000,160,Lowell,2501737000,max_area_overlap
25017312100,160,Lowell,2501737000,max_area_overlap
25017312200,160,Lowell,2501737000,max_area_overlap
25017312300,160,Lowell,2501737000,max_area_overlap
25017312400,160,Lowell,2501737000,max_area_overlap
25017312501,160,Lowell,2501737000,max_area_overlap
25017312502,160,Lowell,2501737000,max_area_overlap
25017313101,301,Tyngsborough,2501771025,max_area_overlap
25017313102,301,Tyngsborough,2501771025,max_area_overlap
25017314101,79,Dracut,2501717475,max_area_overlap
25017314102,79,Dracut,2501717475,max_area_overlap
25017314200,79,Dracut,2501717475,max_area_overlap
25017314301,79,Dracut,2501717475,max_area_overlap
25017314302,79,Dracut,2501717475,max_area_overlap
25017315100,295,Tewksbury,2501769415,max_area_overlap
25017315200,295,Tewksbury,2501769415,max_area_overlap
25017315401,295,Tewksbury,2501769415,max_area_overlap
25017315402,295,Tewksbury,2501769415,max_area_overlap
25017315403,295,Tewksbury,2501769415,max_area_overlap
25017315500,295,Tewksbury,2501769415,max_area_overlap
25017316101,31,Billerica,2501705805,max_area_overlap
25017316102,31,Billerica,2501705805,max_area_overlap
25017316201,31,Billerica,2501705805,max_area_overlap
25017316202,31,Billerica,2501705805,max_area_overlap
25017316300,31,Billerica,2501705805,max_area_overlap
25017316400,31,Billerica,2501705805,max_area_overlap
25017316500,31,Billerica,2501705805,max_area_overlap
25017317101,56,Chelmsford,2501713135,max_area_overlap
25017317102,56,Chelmsford,2501713135,max_area_overlap
25017317103,56,Chelmsford,2501713135,max_area_overlap
25017317201,56,Chelmsford,2501713135,max_area_overlap
25017317202,56,Chelmsford,2501713135,max_area_overlap
25017317203,56,Chelmsford,2501713135,max_area_overlap
25017317301,56,Chelmsford,2501713135,max_area_overlap
25017317302,56,Chelmsford,2501713135,max_area_overlap
25017318100,330,Westford,2501776135,max_area_overlap
25017318200,330,Westford,2501776135,max_area_overlap
25017318300,330,Westford,2501776135,max_area_overlap
25017318400,330,Westford,2501776135,max_area_overlap
25017320102,139,Hopkinton,2501731085,max_area_overlap
25017320103,139,Hopkinton,2501731085,max_area_overlap
25017320104,139,Hopkinton,2501731085,max_area_overlap
25017321100,170,Marlborough,2501738715,max_area_overlap
25017321200,170,Marlborough,2501738715,max_area_overlap
25017321300,170,Marlborough,2501738715,max_area_overlap
25017321400,170,Marlborough,2501738715,max_area_overlap
25017321500,170,Marlborough,2501738715,max_area_overlap
25017321600,170,Marlborough,2501738715,max_area_overlap
25017322100,141,Hudson,2501731540,max_area_overlap
25017322200,141,Hudson,2501731540,max_area_overlap
25017322300,141,Hudson,2501731540,max_area_overlap
25017322400,141,Hudson,2501731540,max_area_overlap
25017323100,286,Stow,2501768050,max_area_overlap
25017324101,158,Littleton,2501735950,max_area_overlap
25017324102,158,Littleton,2501735950,max_area_overlap
25017325100,19,Ayer,2501703005,max_area_overlap
25017326101,115,Groton,2501727480,max_area_overlap
25017326102,115,Groton,2501727480,max_area_overlap
25017327101,232,Pepperell,2501752805,max_area_overlap
25017327102,232,Pepperell,2501752805,max_area_overlap
25017327103,232,Pepperell,2501752805,max_area_overlap
25017328100,81,Dunstable,2501717825,max_area_overlap
25017330100,213,North Reading,2501748955,max_area_overlap
25017330200,213,North Reading,2501748955,max_area_overlap
25017331101,342,Wilmington,2501780230,max_area_overlap
25017331102,342,Wilmington,2501780230,max_area_overlap
25017331200,342,Wilmington,2501780230,max_area_overlap
25017331300,342,Wilmington,2501780230,max_area_overlap
25017332100,48,Burlington,2501709840,max_area_overlap
25017332200,48,Burlington,2501709840,max_area_overlap
25017332300,48,Burlington,2501709840,max_area_overlap
25017332400,48,Burlington,2501709840,max_area_overlap
25017333100,347,Woburn,2501781035,max_area_overlap
25017333200,347,Woburn,2501781035,max_area_overlap
25017333300,347,Woburn,2501781035,max_area_overlap
25017333400,347,Woburn,2501781035,max_area_overlap
25017333501,347,Woburn,2501781035,max_area_overlap
25017333502,347,Woburn,2501781035,max_area_overlap
25017333600,347,Woburn,2501781035,max_area_overlap
25017334100,246,Reading,2501756130,max_area_overlap
25017334200,246,Reading,2501756130,max_area_overlap
25017334300,246,Reading,2501756130,max_area_overlap
25017334400,246,Reading,2501756130,max_area_overlap
25017335100,305,Wakefield,2501772215,max_area_overlap
25017335200,305,Wakefield,2501772215,max_area_overlap
25017335301,305,Wakefield,2501772215,max_area_overlap
25017335302,305,Wakefield,2501772215,max_area_overlap
25017335400,305,Wakefield,2501772215,max_area_overlap
25017336100,178,Melrose,2501740115,max_area_overlap
25017336200,178,Melrose,2501740115,max_area_overlap
25017336300,178,Melrose,2501740115,max_area_overlap
25017336401,178,Melrose,2501740115,max_area_overlap
25017336402,178,Melrose,2501740115,max_area_overlap
25017337101,284,Stoneham,2501767665,max_area_overlap
25017337102,284,Stoneham,2501767665,max_area_overlap
25017337201,284,Stoneham,2501767665,max_area_overlap
25017337202,284,Stoneham,2501767665,max_area_overlap
25017337300,284,Stoneham,2501767665,max_area_overlap
25017338100,344,Winchester,2501780510,max_area_overlap
25017338200,344,Winchester,2501780510,max_area_overlap
25017338300,344,Winchester,2501780510,max_area_overlap
25017338400,344,Winchester,2501780510,max_area_overlap
25017338500,344,Winchester,2501780510,max_area_overlap
25017339100,176,Medford,2501739835,max_area_overlap
25017339200,176,Medford,2501739835,max_area_overlap
25017339300,176,Medford,2501739835,max_area_overlap
25017339400,176,Medford,2501739835,max_area_overlap
25017339500,176,Medford,2501739835,max_area_overlap
25017339600,176,Medford,2501739835,max_area_overlap
25017339700,176,Medford,2501739835,max_area_overlap
25017339801,176,Medford,2501739835,max_area_overlap
25017339802,176,Medford,2501739835,max_area_overlap
25017339900,176,Medford,2501739835,max_area_overlap
25017340000,176,Medford,2501739835,max_area_overlap
25017340100,176,Medford,2501739835,max_area_overlap
25017341101,165,Malden,2501737875,max_area_overlap
25017341102,165,Malden,2501737875,max_area_overlap
25017341200,165,Malden,2501737875,max_area_overlap
25017341300,165,Malden,2501737875,max_area_overlap
25017341400,165,Malden,2501737875,max_area_overlap
25017341500,165,Malden,2501737875,max_area_overlap
25017341600,165,Malden,2501737875,max_area_overlap
25017341700,165,Malden,2501737875,max_area_overlap
25017341800,165,Malden,2501737875,max_area_overlap
25017341901,165,Malden,2501737875,max_area_overlap
25017341902,165,Malden,2501737875,max_area_overlap
25017342101,93,Everett,2501721990,max_area_overlap
25017342102,93,Everett,2501721990,max_area_overlap
25017342201,93,Everett,2501721990,max_area_overlap
25017342202,93,Everett,2501721990,max_area_overlap
25017342300,93,Everett,2501721990,max_area_overlap
25017342400,93,Everett,2501721990,max_area_overlap
25017342500,93,Everett,2501721990,max_area_overlap
25017342600,93,Everett,2501721990,max_area_overlap
25017350103,274,Somerville,2501762535,max_area_overlap
25017350104,274,Somerville,2501762535,max_area_overlap
25017350200,274,Somerville,2501762535,max_area_overlap
25017350300,274,Somerville,2501762535,max_area_overlap
25017350400,274,Somerville,2501762535,max_area_overlap
25017350500,274,Somerville,2501762535,max_area_overlap
25017350600,274,Somerville,2501762535,max_area_overlap
25017350700,274,Somerville,2501762535,max_area_overlap
25017350800,274,Somerville,2501762535,max_area_overlap
25017350900,274,Somerville,2501762535,max_area_overlap
25017351000,274,Somerville,2501762535,max_area_overlap
25017351100,274,Somerville,2501762535,max_area_overlap
25017351203,274,Somerville,2501762535,max_area_overlap
25017351204,274,Somerville,2501762535,max_area_overlap
25017351300,274,Somerville,2501762535,max_area_overlap
25017351403,274,Somerville,2501762535,max_area_overlap
25017351404,274,Somerville,2501762535,max_area_overlap
25017351500,274,Somerville,2501762535,max_area_overlap
25017352101,49,Cambridge,2501711000,max_area_overlap
25017352102,49,Cambridge,2501711000,max_area_overlap
25017352200,49,Cambridge,2501711000,max_area_overlap
25017352300,49,Cambridge,2501711000,max_area_overlap
25017352400,49,Cambridge,2501711000,max_area_overlap
25017352500,49,Cambridge,2501711000,max_area_overlap
25017352600,49,Cambridge,2501711000,max_area_overlap
25017352700,49,Cambridge,2501711000,max_area_overlap
25017352800,49,Cambridge,2501711000,max_area_overlap
25017352900,49,Cambridge,2501711000,max_area_overlap
25017353000,49,Cambridge,2501711000,max_area_overlap
25017353101,49,Cambridge,2501711000,max_area_overlap
25017353102,49,Cambridge,2501711000,max_area_overlap
25017353200,49,Cambridge,2501711000,max_area_overlap
25017353300,49,Cambridge,2501711000,max_area_overlap
25017353400,49,Cambridge,2501711000,max_area_overlap
25017353500,49,Cambridge,2501711000,max_area_overlap
25017353600,49,Cambridge,2501711000,max_area_overlap
25017353700,49,Cambridge,2501711000,max_area_overlap
25017353800,49,Cambridge,2501711000,max_area_overlap
25017353900,49,Cambridge,2501711000,max_area_overlap
25017354000,49,Cambridge,2501711000,max_area_overlap
25017354100,49,Cambridge,2501711000,max_area_overlap
25017354200,49,Cambridge,2501711000,max_area_overlap
25017354300,49,Cambridge,2501711000,max_area_overlap
25017354400,49,Cambridge,2501711000,max_area_overlap
25017354500,49,Cambridge,2501711000,max_area_overlap
25017354600,49,Cambridge,2501711000,max_area_overlap
25017354700,49,Cambridge,2501711000,max_area_overlap
25017354800,49,Cambridge,2501711000,max_area_overlap
25017354900,49,Cambridge,2501711000,max_area_overlap
25017355000,49,Cambridge,2501711000,max_area_overlap
25017356100,10,Arlington,2501701605,max_area_overlap
25017356300,10,Arlington,2501701605,max_area_overlap
25017356400,10,Arlington,2501701605,max_area_overlap
25017356500,10,Arlington,2501701605,max_area_overlap
25017356601,10,Arlington,2501701605,max_area_overlap
25017356602,10,Arlington,2501701605,max_area_overlap
25017356701,10,Arlington,2501701605,max_area_overlap
25017356702,10,Arlington,2501701605,max_area_overlap
25017357100,26,Belmont,2501705070,max_area_overlap
25017357200,26,Belmont,2501705070,max_area_overlap
25017357300,26,Belmont,2501705070,max_area_overlap
25017357400,26,Belmont,2501705070,max_area_overlap
25017357500,26,Belmont,2501705070,max_area_overlap
25017357600,26,Belmont,2501705070,max_area_overlap
25017357700,26,Belmont,2501705070,max_area_overlap
25017357800,26,Belmont,2501705070,max_area_overlap
25017358100,155,Lexington,2501735215,max_area_overlap
25017358300,155,Lexington,2501735215,max_area_overlap
25017358400,155,Lexington,2501735215,max_area_overlap
25017358500,155,Lexington,2501735215,max_area_overlap
25017358600,155,Lexington,2501735215,max_area_overlap
25017358700,155,Lexington,2501735215,max_area_overlap
25017359100,23,Bedford,2501704615,max_area_overlap
25017359300,23,Bedford,2501704615,max_area_overlap
25017360100,157,Lincoln,2501735425,max_area_overlap
25017360200,157,Lincoln,2501735425,max_area_overlap
25017361100,67,Concord,2501715060,max_area_overlap
25017361200,67,Concord,2501715060,max_area_overlap
25017361300,67,Concord,2501715060,max_area_overlap
25017362100,51,Carlisle,2501711525,max_area_overlap
25017363102,2,Acton,2501700380,max_area_overlap
25017363103,2,Acton,2501700380,max_area_overlap
25017363104,2,Acton,2501700380,max_area_overlap
25017363201,2,Acton,2501700380,max_area_overlap
25017363202,2,Acton,2501700380,max_area_overlap
25017364101,174,Maynard,2501739625,max_area_overlap
25017364102,174,Maynard,2501739625,max_area_overlap
25017365100,288,Sudbury,2501768260,max_area_overlap
25017365201,288,Sudbury,2501768260,max_area_overlap
25017365202,288,Sudbury,2501768260,max_area_overlap
25017366100,315,Wayland,2501773790,max_area_overlap
25017366201,315,Wayland,2501773790,max_area_overlap
25017366202,315,Wayland,2501773790,max_area_overlap
25017367100,333,Weston,2501777255,max_area_overlap
25017367200,333,Weston,2501777255,max_area_overlap
25017368101,308,Waltham,2501772600,max_area_overlap
25017368102,308,Waltham,2501772600,max_area_overlap
25017368200,308,Waltham,2501772600,max_area_overlap
25017368300,308,Waltham,2501772600,max_area_overlap
25017368400,308,Waltham,2501772600,max_area_overlap
25017368500,308,Waltham,2501772600,max_area_overlap
25017368600,308,Waltham,2501772600,max_area_overlap
25017368700,308,Waltham,2501772600,max_area_overlap
25017368800,308,Waltham,2501772600,max_area_overlap
25017368901,308,Waltham,2501772600,max_area_overlap
25017368902,308,Waltham,2501772600,max_area_overlap
25017369000,308,Waltham,2501772600,max_area_overlap
25017369100,308,Waltham,2501772600,max_area_overlap
25017370101,314,Watertown,2501773440,max_area_overlap
25017370102,314,Watertown,2501773440,max_area_overlap
25017370201,314,Watertown,2501773440,max_area_overlap
25017370202,314,Watertown,2501773440,max_area_overlap
25017370300,314,Watertown,2501773440,max_area_overlap
25017370400,314,Watertown,2501773440,max_area_overlap
25017373100,207,Newton,2501745560,max_area_overlap
25017373200,207,Newton,2501745560,max_area_overlap
25017373300,207,Newton,2501745560,max_area_overlap
25017373400,207,Newton,2501745560,max_area_overlap
25017373500,207,Newton,2501745560,max_area_overlap
25017373600,207,Newton,2501745560,max_area_overlap
25017373700,207,Newton,2501745560,max_area_overlap
25017373800,207,Newton,2501745560,max_area_overlap
25017373900,207,Newton,2501745560,max_area_overlap
25017374000,207,Newton,2501745560,max_area_overlap
25017374100,207,Newton,2501745560,max_area_overlap
25017374200,207,Newton,2501745560,max_area_overlap
25017374300,207,Newton,2501745560,max_area_overlap
25017374400,207,Newton,2501745560,max_area_overlap
25017374500,207,Newton,2501745560,max_area_overlap
25017374600,207,Newton,2501745560,max_area_overlap
25017374700,207,Newton,2501745560,max_area_overlap
25017374800,207,Newton,2501745560,max_area_overlap
25017382100,198,Natick,2501743895,max_area_overlap
25017382200,198,Natick,2501743895,max_area_overlap
25017382300,198,Natick,2501743895,max_area_overlap
25017382400,198,Natick,2501743895,max_area_overlap
25017382500,198,Natick,2501743895,max_area_overlap
25017382601,198,Natick,2501743895,max_area_overlap
25017382602,198,Natick,2501743895,max_area_overlap
25017383101,100,Framingham,2501724925,max_area_overlap
25017383102,100,Framingham,2501724925,max_area_overlap
25017383200,100,Framingham,2501724925,max_area_overlap
25017383300,100,Framingham,2501724925,max_area_overlap
25017383400,100,Framingham,2501724925,max_area_overlap
25017383501,100,Framingham,2501724925,max_area_overlap
25017383502,100,Framingham,2501724925,max_area_overlap
25017383600,100,Framingham,2501724925,max_area_overlap
25017383700,100,Framingham,2501724925,max_area_overlap
25017383800,100,Framingham,2501724925,max_area_overlap
25017383901,100,Framingham,2501724925,max_area_overlap
25017383902,100,Framingham,2501724925,max_area_overlap
25017384001,100,Framingham,2501724925,max_area_overlap
25017384002,100,Framingham,2501724925,max_area_overlap
25017385100,14,Ashland,2501702130,max_area_overlap
25017385201,14,Ashland,2501702130,max_area_overlap
25017385202,14,Ashland,2501702130,max_area_overlap
25017386100,269,Sherborn,2501761380,max_area_overlap
25017387100,136,Holliston,2501730700,max_area_overlap
25017387201,136,Holliston,2501730700,max_area_overlap
25017387202,136,Holliston,2501730700,max_area_overlap
25017388100,37,Boxborough,2501707350,max_area_overlap
25017388200,270,Shirley,2501761590,max_area_overlap
25017388300,160,Lowell,2501737000,max_area_overlap
25017980000,286,Stow,2501768050,max_area_overlap
25019950100,197,Nantucket,2501943790,max_area_overlap
25019950200,197,Nantucket,2501943790,max_area_overlap
25019950307,197,Nantucket,2501943790,max_area_overlap
25019950400,197,Nantucket,2501943790,max_area_overlap
25019950500,197,Nantucket,2501943790,max_area_overlap
25019990000,197,Nantucket,2501943790,max_area_overlap
25021400100,46,Brookline,2502109175,max_area_overlap
25021400200,46,Brookline,2502109175,max_area_overlap
25021400300,46,Brookline,2502109175,max_area_overlap
25021400400,46,Brookline,2502109175,max_area_overlap
25021400500,46,Brookline,2502109175,max_area_overlap
25021400600,46,Brookline,2502109175,max_area_overlap
25021400700,46,Brookline,2502109175,max_area_overlap
25021400800,46,Brookline,2502109175,max_area_overlap
25021400900,46,Brookline,2502109175,max_area_overlap
25021401000,46,Brookline,2502109175,max_area_overlap
25021401100,46,Brookline,2502109175,max_area_overlap
25021401200,46,Brookline,2502109175,max_area_overlap
25021402101,73,Dedham,2502116495,max_area_overlap
25021402102,73,Dedham,2502116495,max_area_overlap
25021402200,73,Dedham,2502116495,max_area_overlap
25021402300,73,Dedham,2502116495,max_area_overlap
25021402400,73,Dedham,2502116495,max_area_overlap
25021402500,73,Dedham,2502116495,max_area_overlap
25021403100,199,Needham,2502144105,max_area_overlap
25021403300,199,Needham,2502144105,max_area_overlap
25021403400,199,Needham,2502144105,max_area_overlap
25021403500,199,Needham,2502144105,max_area_overlap
25021404100,317,Wellesley,2502174175,max_area_overlap
25021404201,317,Wellesley,2502174175,max_area_overlap
25021404202,317,Wellesley,2502174175,max_area_overlap
25021404301,317,Wellesley,2502174175,max_area_overlap
25021404302,317,Wellesley,2502174175,max_area_overlap
25021404400,317,Wellesley,2502174175,max_area_overlap
25021405100,78,Dover,2502117405,max_area_overlap
25021406101,175,Medfield,2502139765,max_area_overlap
25021406102,175,Medfield,2502139765,max_area_overlap
25021407100,187,Millis,2502141515,max_area_overlap
25021408101,177,Medway,2502139975,max_area_overlap
25021408102,177,Medway,2502139975,max_area_overlap
25021409101,208,Norfolk,2502146050,max_area_overlap
25021409102,208,Norfolk,2502146050,max_area_overlap
25021410100,99,Foxborough,2502124820,max_area_overlap
25021410300,99,Foxborough,2502124820,max_area_overlap
25021410400,99,Foxborough,2502124820,max_area_overlap
25021411100,307,Walpole,2502172495,max_area_overlap
25021411200,307,Walpole,2502172495,max_area_overlap
25021411301,307,Walpole,2502172495,max_area_overlap
25021411302,307,Walpole,2502172495,max_area_overlap
25021412100,335,Westwood,2502178690,max_area_overlap
25021412200,335,Westwood,2502178690,max_area_overlap
25021412300,335,Westwood,2502178690,max_area_overlap
25021413100,220,Norwood,2502150250,max_area_overlap
25021413200,220,Norwood,2502150250,max_area_overlap
25021413300,220,Norwood,2502150250,max_area_overlap
25021413401,220,Norwood,2502150250,max_area_overlap
25021413402,220,Norwood,2502150250,max_area_overlap
25021413500,220,Norwood,2502150250,max_area_overlap
25021414100,266,Sharon,2502160785,max_area_overlap
25021414200,266,Sharon,2502160785,max_area_overlap
25021414300,266,Sharon,2502160785,max_area_overlap
25021415101,50,Canton,2502111315,max_area_overlap
25021415102,50,Canton,2502111315,max_area_overlap
25021415200,50,Canton,2502111315,max_area_overlap
25021415300,50,Canton,2502111315,max_area_overlap
25021416101,189,Milton,2502141690,max_area_overlap
25021416102,189,Milton,2502141690,max_area_overlap
25021416200,189,Milton,2502141690,max_area_overlap
25021416300,189,Milton,2502141690,max_area_overlap
25021416400,189,Milton,2502141690,max_area_overlap
25021417100,243,Quincy,2502155745,max_area_overlap
25021417200,243,Quincy,2502155745,max_area_overlap
25021417300,243,Quincy,2502155745,max_area_overlap
25021417400,243,Quincy,2502155745,max_area_overlap
25021417501,243,Quincy,2502155745,max_area_overlap
25021417502,243,Quincy,2502155745,max_area_overlap
25021417601,243,Quincy,2502155745,max_area_overlap
25021417602,243,Quincy,2502155745,max_area_overlap
25021417701,243,Quincy,2502155745,max_area_overlap
25021417702,243,Quincy,2502155745,max_area_overlap
25021417801,243,Quincy,2502155745,max_area_overlap
25021417802,243,Quincy,2502155745,max_area_overlap
25021417901,243,Quincy,2502155745,max_area_overlap
25021417902,243,Quincy,2502155745,max_area_overlap
25021418002,243,Quincy,2502155745,max_area_overlap
25021418003,243,Quincy,2502155745,max_area_overlap
25021418004,243,Quincy,2502155745,max_area_overlap
25021418101,243,Quincy,2502155745,max_area_overlap
25021418102,243,Quincy,2502155745,max_area_overlap
25021418200,243,Quincy,2502155745,max_area_overlap
25021419100,40,Braintree,2502107740,max_area_overlap
25021419200,40,Braintree,2502107740,max_area_overlap
25021419300,40,Braintree,2502107740,max_area_overlap
25021419400,40,Braintree,2502107740,max_area_overlap
25021419500,40,Braintree,2502107740,max_area_overlap
25021419600,40,Braintree,2502107740,max_area_overlap
25021419700,40,Braintree,2502107740,max_area_overlap
25021419800,40,Braintree,2502107740,max_area_overlap
25021420100,244,Randolph,2502155955,max_area_overlap
25021420201,244,Randolph,2502155955,max_area_overlap
25021420202,244,Randolph,2502155955,max_area_overlap
25021420301,244,Randolph,2502155955,max_area_overlap
25021420302,244,Randolph,2502155955,max_area_overlap
25021421100,133,Holbrook,2502130455,max_area_overlap
25021421200,133,Holbrook,2502130455,max_area_overlap
25021422100,336,Weymouth,2502178972,max_area_overlap
25021422200,336,Weymouth,2502178972,max_area_overlap
25021422301,336,Weymouth,2502178972,max_area_overlap
25021422302,336,Weymouth,2502178972,max_area_overlap
25021422400,336,Weymouth,2502178972,max_area_overlap
25021422501,336,Weymouth,2502178972,max_area_overlap
25021422502,336,Weymouth,2502178972,max_area_overlap
25021422600,336,Weymouth,2502178972,max_area_overlap
25021422700,336,Weymouth,2502178972,max_area_overlap
25021422800,336,Weymouth,2502178972,max_area_overlap
25021423100,65,Cohasset,2502114640,max_area_overlap
25021440100,238,Plainville,2502154100,max_area_overlap
25021441202,350,Wrentham,2502182315,max_area_overlap
25021441203,350,Wrentham,2502182315,max_area_overlap
25021441204,350,Wrentham,2502182315,max_area_overlap
25021442101,101,Franklin,2502125172,max_area_overlap
25021442102,101,Franklin,2502125172,max_area_overlap
25021442103,101,Franklin,2502125172,max_area_overlap
25021442201,101,Franklin,2502125172,max_area_overlap
25021442202,101,Franklin,2502125172,max_area_overlap
25021443101,25,Bellingham,2502104930,max_area_overlap
25021443102,25,Bellingham,2502104930,max_area_overlap
25021456101,285,Stoughton,2502167945,max_area_overlap
25021456102,285,Stoughton,2502167945,max_area_overlap
25021456200,285,Stoughton,2502167945,max_area_overlap
25021456301,285,Stoughton,2502167945,max_area_overlap
25021456302,285,Stoughton,2502167945,max_area_overlap
25021456401,285,Stoughton,2502167945,max_area_overlap
25021456402,285,Stoughton,2502167945,max_area_overlap
25021457100,18,Avon,2502102935,max_area_overlap
25021457200,199,Needham,2502144105,max_area_overlap
25023500101,142,Hull,2502331645,max_area_overlap
25023500103,142,Hull,2502331645,max_area_overlap
25023500104,142,Hull,2502331645,max_area_overlap
25023501101,131,Hingham,2502330210,max_area_overlap
25023501102,131,Hingham,2502330210,max_area_overlap
25023501201,131,Hingham,2502330210,max_area_overlap
25023501202,131,Hingham,2502330210,max_area_overlap
25023502101,251,Rockland,2502357775,max_area_overlap
25023502102,251,Rockland,2502357775,max_area_overlap
25023502200,251,Rockland,2502357775,max_area_overlap
25023503101,122,Hanover,2502328285,max_area_overlap
25023503102,122,Hanover,2502328285,max_area_overlap
25023504101,219,Norwell,2502350145,max_area_overlap
25023504102,219,Norwell,2502350145,max_area_overlap
25023505101,264,Scituate,2502360330,max_area_overlap
25023505102,264,Scituate,2502360330,max_area_overlap
25023505200,264,Scituate,2502360330,max_area_overlap
25023506101,171,Marshfield,2502338855,max_area_overlap
25023506102,171,Marshfield,2502338855,max_area_overlap
25023506202,171,Marshfield,2502338855,max_area_overlap
25023506203,171,Marshfield,2502338855,max_area_overlap
25023506204,171,Marshfield,2502338855,max_area_overlap
25023507101,82,Duxbury,2502317895,max_area_overlap
25023507103,82,Duxbury,2502317895,max_area_overlap
25023507104,82,Duxbury,2502317895,max_area_overlap
25023508101,231,Pembroke,2502352630,max_area_overlap
25023508102,231,Pembroke,2502352630,max_area_overlap
25023508200,231,Pembroke,2502352630,max_area_overlap
25023509101,145,Kingston,2502333220,max_area_overlap
25023509102,145,Kingston,2502333220,max_area_overlap
25023510100,44,Brockton,2502309000,max_area_overlap
25023510200,44,Brockton,2502309000,max_area_overlap
25023510300,44,Brockton,2502309000,max_area_overlap
25023510400,44,Brockton,2502309000,max_area_overlap
25023510501,44,Brockton,2502309000,max_area_overlap
25023510502,44,Brockton,2502309000,max_area_overlap
25023510503,44,Brockton,2502309000,max_area_overlap
25023510600,44,Brockton,2502309000,max_area_overlap
25023510700,44,Brockton,2502309000,max_area_overlap
25023510800,44,Brockton,2502309000,max_area_overlap
25023510900,44,Brockton,2502309000,max_area_overlap
25023511000,44,Brockton,2502309000,max_area_overlap
25023511100,44,Brockton,2502309000,max_area_overlap
25023511200,44,Brockton,2502309000,max_area_overlap
25023511301,44,Brockton,2502309000,max_area_overlap
25023511302,44,Brockton,2502309000,max_area_overlap
25023511400,44,Brockton,2502309000,max_area_overlap
25023511500,44,Brockton,2502309000,max_area_overlap
25023511600,44,Brockton,2502309000,max_area_overlap
25023511701,44,Brockton,2502309000,max_area_overlap
25023511702,44,Brockton,2502309000,max_area_overlap
25023520100,1,Abington,2502300170,max_area_overlap
25023520201,1,Abington,2502300170,max_area_overlap
25023520202,1,Abington,2502300170,max_area_overlap
25023521101,338,Whitman,2502379530,max_area_overlap
25023521102,338,Whitman,2502379530,max_area_overlap
25023521201,338,Whitman,2502379530,max_area_overlap
25023521202,338,Whitman,2502379530,max_area_overlap
25023522101,123,Hanson,2502328495,max_area_overlap
25023522102,123,Hanson,2502328495,max_area_overlap
25023523100,83,East Bridgewater,2502318455,max_area_overlap
25023523201,83,East Bridgewater,2502318455,max_area_overlap
25023523202,83,East Bridgewater,2502318455,max_area_overlap
25023524101,322,West Bridgewater,2502375260,max_area_overlap
25023524102,322,West Bridgewater,2502375260,max_area_overlap
25023525101,42,Bridgewater,2502308085,max_area_overlap
25023525104,42,Bridgewater,2502308085,max_area_overlap
25023525203,42,Bridgewater,2502308085,max_area_overlap
25023525204,42,Bridgewater,2502308085,max_area_overlap
25023525300,42,Bridgewater,2502308085,max_area_overlap
25023526100,118,Halifax,2502327795,max_area_overlap
25023530100,239,Plymouth,2502354310,max_area_overlap
25023530200,239,Plymouth,2502354310,max_area_overlap
25023530300,239,Plymouth,2502354310,max_area_overlap
25023530400,239,Plymouth,2502354310,max_area_overlap
25023530500,239,Plymouth,2502354310,max_area_overlap
25023530600,239,Plymouth,2502354310,max_area_overlap
25023530700,239,Plymouth,2502354310,max_area_overlap
25023530801,239,Plymouth,2502354310,max_area_overlap
25023530802,239,Plymouth,2502354310,max_area_overlap
25023530901,239,Plymouth,2502354310,max_area_overlap
25023530902,239,Plymouth,2502354310,max_area_overlap
25023540101,146,Lakeville,2502333920,max_area_overlap
25023540102,146,Lakeville,2502333920,max_area_overlap
25023540103,146,Lakeville,2502333920,max_area_overlap
25023541100,250,Rochester,2502357600,max_area_overlap
25023542101,182,Middleborough,2502340850,max_area_overlap
25023542102,182,Middleborough,2502340850,max_area_overlap
25023542200,182,Middleborough,2502340850,max_area_overlap
25023542300,182,Middleborough,2502340850,max_area_overlap
25023543100,240,Plympton,2502354415,max_area_overlap
25023544100,52,Carver,2502311665,max_area_overlap
25023544200,52,Carver,2502311665,max_area_overlap
25023545100,310,Wareham,2502372985,max_area_overlap
25023545200,310,Wareham,2502372985,max_area_overlap
25023545300,310,Wareham,2502372985,max_area_overlap
25023545400,310,Wareham,2502372985,max_area_overlap
25023560100,173,Mattapoisett,2502339450,max_area_overlap
25023561100,169,Marion,2502338540,max_area_overlap
25023561200,42,Bridgewater,2502308085,max_area_overlap
25023990003,,"",,max_area_overlap
25025000100,35,Boston,2502507000,max_area_overlap
25025000201,35,Boston,2502507000,max_area_overlap
25025000202,35,Boston,2502507000,max_area_overlap
25025000301,35,Boston,2502507000,max_area_overlap
25025000302,35,Boston,2502507000,max_area_overlap
25025000401,35,Boston,2502507000,max_area_overlap
25025000402,35,Boston,2502507000,max_area_overlap
25025000502,35,Boston,2502507000,max_area_overlap
25025000503,35,Boston,2502507000,max_area_overlap
25025000504,35,Boston,2502507000,max_area_overlap
25025000601,35,Boston,2502507000,max_area_overlap
25025000602,35,Boston,2502507000,max_area_overlap
25025000701,35,Boston,2502507000,max_area_overlap
25025000703,35,Boston,2502507000,max_area_overlap
25025000704,35,Boston,2502507000,max_area_overlap
25025000802,35,Boston,2502507000,max_area_overlap
25025000803,35,Boston,2502507000,max_area_overlap
25025010103,35,Boston,2502507000,max_area_overlap
25025010104,35,Boston,2502507000,max_area_overlap
25025010203,35,Boston,2502507000,max_area_overlap
25025010204,35,Boston,2502507000,max_area_overlap
25025010300,35,Boston,2502507000,max_area_overlap
25025010403,35,Boston,2502507000,max_area_overlap
25025010404,35,Boston,2502507000,max_area_overlap
25025010405,35,Boston,2502507000,max_area_overlap
25025010408,35,Boston,2502507000,max_area_overlap
25025010500,35,Boston,2502507000,max_area_overlap
25025010600,35,Boston,2502507000,max_area_overlap
25025010701,35,Boston,2502507000,max_area_overlap
25025010702,35,Boston,2502507000,max_area_overlap
25025010801,35,Boston,2502507000,max_area_overlap
25025010802,35,Boston,2502507000,max_area_overlap
25025020101,35,Boston,2502507000,max_area_overlap
25025020200,35,Boston,2502507000,max_area_overlap
25025020301,35,Boston,2502507000,max_area_overlap
25025020302,35,Boston,2502507000,max_area_overlap
25025020303,35,Boston,2502507000,max_area_overlap
25025030100,35,Boston,2502507000,max_area_overlap
25025030200,35,Boston,2502507000,max_area_overlap
25025030300,35,Boston,2502507000,max_area_overlap
25025030400,35,Boston,2502507000,max_area_overlap
25025030500,35,Boston,2502507000,max_area_overlap
25025040100,35,Boston,2502507000,max_area_overlap
25025040200,35,Boston,2502507000,max_area_overlap
25025040300,35,Boston,2502507000,max_area_overlap
25025040401,35,Boston,2502507000,max_area_overlap
25025040600,35,Boston,2502507000,max_area_overlap
25025040801,35,Boston,2502507000,max_area_overlap
25025050101,35,Boston,2502507000,max_area_overlap
25025050200,35,Boston,2502507000,max_area_overlap
25025050300,35,Boston,2502507000,max_area_overlap
25025050400,35,Boston,2502507000,max_area_overlap
25025050500,35,Boston,2502507000,max_area_overlap
25025050600,35,Boston,2502507000,max_area_overlap
25025050700,35,Boston,2502507000,max_area_overlap
25025050901,35,Boston,2502507000,max_area_overlap
25025051000,35,Boston,2502507000,max_area_overlap
25025051101,35,Boston,2502507000,max_area_overlap
25025051200,35,Boston,2502507000,max_area_overlap
25025060101,35,Boston,2502507000,max_area_overlap
25025060200,35,Boston,2502507000,max_area_overlap
25025060301,35,Boston,2502507000,max_area_overlap
25025060400,35,Boston,2502507000,max_area_overlap
25025060501,35,Boston,2502507000,max_area_overlap
25025060600,35,Boston,2502507000,max_area_overlap
25025060700,35,Boston,2502507000,max_area_overlap
25025060800,35,Boston,2502507000,max_area_overlap
25025061000,35,Boston,2502507000,max_area_overlap
25025061101,35,Boston,2502507000,max_area_overlap
25025061200,35,Boston,2502507000,max_area_overlap
25025070101,35,Boston,2502507000,max_area_overlap
25025070200,35,Boston,2502507000,max_area_overlap
25025070300,35,Boston,2502507000,max_area_overlap
25025070402,35,Boston,2502507000,max_area_overlap
25025070500,35,Boston,2502507000,max_area_overlap
25025070600,35,Boston,2502507000,max_area_overlap
25025070700,35,Boston,2502507000,max_area_overlap
25025070800,35,Boston,2502507000,max_area_overlap
25025070900,35,Boston,2502507000,max_area_overlap
25025071101,35,Boston,2502507000,max_area_overlap
25025071201,35,Boston,2502507000,max_area_overlap
25025080100,35,Boston,2502507000,max_area_overlap
25025080300,35,Boston,2502507000,max_area_overlap
25025080401,35,Boston,2502507000,max_area_overlap
25025080500,35,Boston,2502507000,max_area_overlap
25025080601,35,Boston,2502507000,max_area_overlap
25025080801,35,Boston,2502507000,max_area_overlap
25025080900,35,Boston,2502507000,max_area_overlap
25025081001,35,Boston,2502507000,max_area_overlap
25025081100,35,Boston,2502507000,max_area_overlap
25025081200,35,Boston,2502507000,max_area_overlap
25025081300,35,Boston,2502507000,max_area_overlap
25025081400,35,Boston,2502507000,max_area_overlap
25025081500,35,Boston,2502507000,max_area_overlap
25025081700,35,Boston,2502507000,max_area_overlap
25025081800,35,Boston,2502507000,max_area_overlap
25025081900,35,Boston,2502507000,max_area_overlap
25025082000,35,Boston,2502507000,max_area_overlap
25025082100,35,Boston,2502507000,max_area_overlap
25025090100,35,Boston,2502507000,max_area_overlap
25025090200,35,Boston,2502507000,max_area_overlap
25025090300,35,Boston,2502507000,max_area_overlap
25025090400,35,Boston,2502507000,max_area_overlap
25025090600,35,Boston,2502507000,max_area_overlap
25025090700,35,Boston,2502507000,max_area_overlap
25025090901,35,Boston,2502507000,max_area_overlap
25025091001,35,Boston,2502507000,max_area_overlap
25025091100,35,Boston,2502507000,max_area_overlap
25025091200,35,Boston,2502507000,max_area_overlap
25025091300,35,Boston,2502507000,max_area_overlap
25025091400,35,Boston,2502507000,max_area_overlap
25025091500,35,Boston,2502507000,max_area_overlap
25025091600,35,Boston,2502507000,max_area_overlap
25025091700,35,Boston,2502507000,max_area_overlap
25025091800,35,Boston,2502507000,max_area_overlap
25025091900,35,Boston,2502507000,max_area_overlap
25025092000,35,Boston,2502507000,max_area_overlap
25025092101,35,Boston,2502507000,max_area_overlap
25025092200,35,Boston,2502507000,max_area_overlap
25025092300,35,Boston,2502507000,max_area_overlap
25025092400,35,Boston,2502507000,max_area_overlap
25025100100,35,Boston,2502507000,max_area_overlap
25025100200,35,Boston,2502507000,max_area_overlap
25025100300,35,Boston,2502507000,max_area_overlap
25025100400,35,Boston,2502507000,max_area_overlap
25025100500,35,Boston,2502507000,max_area_overlap
25025100601,35,Boston,2502507000,max_area_overlap
25025100603,35,Boston,2502507000,max_area_overlap
25025100700,35,Boston,2502507000,max_area_overlap
25025100800,35,Boston,2502507000,max_area_overlap
25025100900,35,Boston,2502507000,max_area_overlap
25025101001,35,Boston,2502507000,max_area_overlap
25025101002,35,Boston,2502507000,max_area_overlap
25025101101,35,Boston,2502507000,max_area_overlap
25025101102,35,Boston,2502507000,max_area_overlap
25025110103,35,Boston,2502507000,max_area_overlap
25025110201,35,Boston,2502507000,max_area_overlap
25025110301,35,Boston,2502507000,max_area_overlap
25025110401,35,Boston,2502507000,max_area_overlap
25025110403,35,Boston,2502507000,max_area_overlap
25025110501,35,Boston,2502507000,max_area_overlap
25025110502,35,Boston,2502507000,max_area_overlap
25025110601,35,Boston,2502507000,max_area_overlap
25025110607,35,Boston,2502507000,max_area_overlap
25025120103,35,Boston,2502507000,max_area_overlap
25025120104,35,Boston,2502507000,max_area_overlap
25025120105,35,Boston,2502507000,max_area_overlap
25025120201,35,Boston,2502507000,max_area_overlap
25025120301,35,Boston,2502507000,max_area_overlap
25025120400,35,Boston,2502507000,max_area_overlap
25025120500,35,Boston,2502507000,max_area_overlap
25025120600,35,Boston,2502507000,max_area_overlap
25025120700,35,Boston,2502507000,max_area_overlap
25025130100,35,Boston,2502507000,max_area_overlap
25025130200,35,Boston,2502507000,max_area_overlap
25025130300,35,Boston,2502507000,max_area_overlap
25025130402,35,Boston,2502507000,max_area_overlap
25025130404,35,Boston,2502507000,max_area_overlap
25025130406,35,Boston,2502507000,max_area_overlap
25025140102,35,Boston,2502507000,max_area_overlap
25025140105,35,Boston,2502507000,max_area_overlap
25025140106,35,Boston,2502507000,max_area_overlap
25025140107,35,Boston,2502507000,max_area_overlap
25025140201,35,Boston,2502507000,max_area_overlap
25025140202,35,Boston,2502507000,max_area_overlap
25025140300,35,Boston,2502507000,max_area_overlap
25025140400,35,Boston,2502507000,max_area_overlap
25025160101,57,Chelsea,2502513205,max_area_overlap
25025160200,57,Chelsea,2502513205,max_area_overlap
25025160300,57,Chelsea,2502513205,max_area_overlap
25025160400,57,Chelsea,2502513205,max_area_overlap
25025160501,57,Chelsea,2502513205,max_area_overlap
25025160502,57,Chelsea,2502513205,max_area_overlap
25025160601,57,Chelsea,2502513205,max_area_overlap
25025160602,57,Chelsea,2502513205,max_area_overlap
25025170100,248,Revere,2502556585,max_area_overlap
25025170200,248,Revere,2502556585,max_area_overlap
25025170300,248,Revere,2502556585,max_area_overlap
25025170400,248,Revere,2502556585,max_area_overlap
25025170501,248,Revere,2502556585,max_area_overlap
25025170502,248,Revere,2502556585,max_area_overlap
25025170601,248,Revere,2502556585,max_area_overlap
25025170701,248,Revere,2502556585,max_area_overlap
25025170702,248,Revere,2502556585,max_area_overlap
25025170800,248,Revere,2502556585,max_area_overlap
25025180101,346,Winthrop,2502581005,max_area_overlap
25025180200,346,Winthrop,2502581005,max_area_overlap
25025180301,346,Winthrop,2502581005,max_area_overlap
25025180400,346,Winthrop,2502581005,max_area_overlap
25025180500,346,Winthrop,2502581005,max_area_overlap
25025980101,35,Boston,2502507000,max_area_overlap
25025980300,35,Boston,2502507000,max_area_overlap
25025980700,35,Boston,2502507000,max_area_overlap
25025981000,35,Boston,2502507000,max_area_overlap
25025981100,35,Boston,2502507000,max_area_overlap
25025981201,35,Boston,2502507000,max_area_overlap
25025981202,35,Boston,2502507000,max_area_overlap
25025981300,35,Boston,2502507000,max_area_overlap
25025981501,35,Boston,2502507000,max_area_overlap
25025981502,248,Revere,2502556585,max_area_overlap
25025981600,35,Boston,2502507000,max_area_overlap
25025981700,35,Boston,2502507000,max_area_overlap
25025981800,35,Boston,2502507000,max_area_overlap
25025990101,35,Boston,2502507000,max_area_overlap
25027700100,11,Ashburnham,2502701885,max_area_overlap
25027701100,343,Winchendon,2502780405,max_area_overlap
25027702200,255,Royalston,2502758580,max_area_overlap
25027703100,15,Athol,2502702480,max_area_overlap
25027703200,15,Athol,2502702480,max_area_overlap
25027703300,15,Athol,2502702480,max_area_overlap
25027704200,234,Petersham,2502753120,max_area_overlap
25027705100,294,Templeton,2502769275,max_area_overlap
25027706100,140,Hubbardston,2502731435,max_area_overlap
25027707100,103,Gardner,2502725485,max_area_overlap
25027707200,103,Gardner,2502725485,max_area_overlap
25027707300,103,Gardner,2502725485,max_area_overlap
25027707400,103,Gardner,2502725485,max_area_overlap
25027707500,103,Gardner,2502725485,max_area_overlap
25027708100,332,Westminster,2502777010,max_area_overlap
25027709100,153,Leominster,2502735075,max_area_overlap
25027709201,153,Leominster,2502735075,max_area_overlap
25027709202,153,Leominster,2502735075,max_area_overlap
25027709400,153,Leominster,2502735075,max_area_overlap
25027709501,153,Leominster,2502735075,max_area_overlap
25027709502,153,Leominster,2502735075,max_area_overlap
25027709600,153,Leominster,2502735075,max_area_overlap
25027709701,153,Leominster,2502735075,max_area_overlap
25027709702,153,Leominster,2502735075,max_area_overlap
25027710100,97,Fitchburg,2502723875,max_area_overlap
25027710200,97,Fitchburg,2502723875,max_area_overlap
25027710300,97,Fitchburg,2502723875,max_area_overlap
25027710400,97,Fitchburg,2502723875,max_area_overlap
25027710500,97,Fitchburg,2502723875,max_area_overlap
25027710600,97,Fitchburg,2502723875,max_area_overlap
25027710700,97,Fitchburg,2502723875,max_area_overlap
25027710800,97,Fitchburg,2502723875,max_area_overlap
25027711000,97,Fitchburg,2502723875,max_area_overlap
25027711100,97,Fitchburg,2502723875,max_area_overlap
25027712101,162,Lunenburg,2502737420,max_area_overlap
25027712102,162,Lunenburg,2502737420,max_area_overlap
25027713100,147,Lancaster,2502734165,max_area_overlap
25027715100,34,Bolton,2502706365,max_area_overlap
25027716100,64,Clinton,2502714395,max_area_overlap
25027716200,64,Clinton,2502714395,max_area_overlap
25027716300,64,Clinton,2502714395,max_area_overlap
25027717100,28,Berlin,2502705490,max_area_overlap
25027718100,39,Boylston,2502707525,max_area_overlap
25027719100,282,Sterling,2502767385,max_area_overlap
25027720100,241,Princeton,2502755395,max_area_overlap
25027721101,222,Oakham,2502750670,max_area_overlap
25027721102,257,Rutland,2502758825,max_area_overlap
25027722100,21,Barre,2502703740,max_area_overlap
25027723100,124,Hardwick,2502728740,max_area_overlap
25027724100,323,West Brookfield,2502775400,max_area_overlap
25027725100,212,North Brookfield,2502747135,max_area_overlap
25027726100,280,Spencer,2502766105,max_area_overlap
25027726200,280,Spencer,2502766105,max_area_overlap
25027727100,228,Paxton,2502752420,max_area_overlap
25027728100,134,Holden,2502730560,max_area_overlap
25027728200,134,Holden,2502730560,max_area_overlap
25027728300,134,Holden,2502730560,max_area_overlap
25027728400,134,Holden,2502730560,max_area_overlap
25027729100,321,West Boylston,2502775155,max_area_overlap
25027729200,321,West Boylston,2502775155,max_area_overlap
25027730100,348,Worcester,2502782000,max_area_overlap
25027730200,348,Worcester,2502782000,max_area_overlap
25027730300,348,Worcester,2502782000,max_area_overlap
25027730401,348,Worcester,2502782000,max_area_overlap
25027730402,348,Worcester,2502782000,max_area_overlap
25027730500,348,Worcester,2502782000,max_area_overlap
25027730600,348,Worcester,2502782000,max_area_overlap
25027730700,348,Worcester,2502782000,max_area_overlap
25027730801,348,Worcester,2502782000,max_area_overlap
25027730802,348,Worcester,2502782000,max_area_overlap
25027730901,348,Worcester,2502782000,max_area_overlap
25027730902,348,Worcester,2502782000,max_area_overlap
25027731001,348,Worcester,2502782000,max_area_overlap
25027731002,348,Worcester,2502782000,max_area_overlap
25027731101,348,Worcester,2502782000,max_area_overlap
25027731102,348,Worcester,2502782000,max_area_overlap
25027731202,348,Worcester,2502782000,max_area_overlap
25027731203,348,Worcester,2502782000,max_area_overlap
25027731204,348,Worcester,2502782000,max_area_overlap
25027731300,348,Worcester,2502782000,max_area_overlap
25027731400,348,Worcester,2502782000,max_area_overlap
25027731500,348,Worcester,2502782000,max_area_overlap
25027731600,348,Worcester,2502782000,max_area_overlap
25027731700,348,Worcester,2502782000,max_area_overlap
25027731800,348,Worcester,2502782000,max_area_overlap
25027731900,348,Worcester,2502782000,max_area_overlap
25027732001,348,Worcester,2502782000,max_area_overlap
25027732002,348,Worcester,2502782000,max_area_overlap
25027732201,348,Worcester,2502782000,max_area_overlap
25027732202,348,Worcester,2502782000,max_area_overlap
25027732203,348,Worcester,2502782000,max_area_overlap
25027732301,348,Worcester,2502782000,max_area_overlap
25027732302,348,Worcester,2502782000,max_area_overlap
25027732400,348,Worcester,2502782000,max_area_overlap
25027732500,348,Worcester,2502782000,max_area_overlap
25027732600,348,Worcester,2502782000,max_area_overlap
25027732700,348,Worcester,2502782000,max_area_overlap
25027732801,348,Worcester,2502782000,max_area_overlap
25027732802,348,Worcester,2502782000,max_area_overlap
25027732901,348,Worcester,2502782000,max_area_overlap
25027732902,348,Worcester,2502782000,max_area_overlap
25027733000,348,Worcester,2502782000,max_area_overlap
25027733101,348,Worcester,2502782000,max_area_overlap
25027733102,348,Worcester,2502782000,max_area_overlap
25027735100,151,Leicester,2502734795,max_area_overlap
25027735200,151,Leicester,2502734795,max_area_overlap
25027736100,17,Auburn,2502702760,max_area_overlap
25027736200,17,Auburn,2502702760,max_area_overlap
25027736300,17,Auburn,2502702760,max_area_overlap
25027736400,17,Auburn,2502702760,max_area_overlap
25027736500,17,Auburn,2502702760,max_area_overlap
25027737100,186,Millbury,2502741340,max_area_overlap
25027737200,186,Millbury,2502741340,max_area_overlap
25027737300,186,Millbury,2502741340,max_area_overlap
25027738100,110,Grafton,2502726430,max_area_overlap
25027738201,110,Grafton,2502726430,max_area_overlap
25027738202,110,Grafton,2502726430,max_area_overlap
25027739100,271,Shrewsbury,2502761800,max_area_overlap
25027739200,271,Shrewsbury,2502761800,max_area_overlap
25027739300,271,Shrewsbury,2502761800,max_area_overlap
25027739400,271,Shrewsbury,2502761800,max_area_overlap
25027739500,271,Shrewsbury,2502761800,max_area_overlap
25027740101,215,Northborough,2502746820,max_area_overlap
25027740102,215,Northborough,2502746820,max_area_overlap
25027740200,215,Northborough,2502746820,max_area_overlap
25027741101,277,Southborough,2502763165,max_area_overlap
25027741102,277,Southborough,2502763165,max_area_overlap
25027742300,328,Westborough,2502775015,max_area_overlap
25027742401,328,Westborough,2502775015,max_area_overlap
25027742402,328,Westborough,2502775015,max_area_overlap
25027743100,303,Upton,2502771480,max_area_overlap
25027744101,185,Milford,2502741165,max_area_overlap
25027744102,185,Milford,2502741165,max_area_overlap
25027744200,185,Milford,2502741165,max_area_overlap
25027744300,185,Milford,2502741165,max_area_overlap
25027744400,185,Milford,2502741165,max_area_overlap
25027745100,138,Hopedale,2502730945,max_area_overlap
25027746100,179,Mendon,2502740255,max_area_overlap
25027747101,32,Blackstone,2502706015,max_area_overlap
25027747102,32,Blackstone,2502706015,max_area_overlap
25027748100,188,Millville,2502741585,max_area_overlap
25027749100,304,Uxbridge,2502771620,max_area_overlap
25027749200,304,Uxbridge,2502771620,max_area_overlap
25027750100,216,Northbridge,2502746925,max_area_overlap
25027750200,216,Northbridge,2502746925,max_area_overlap
25027750300,216,Northbridge,2502746925,max_area_overlap
25027751101,290,Sutton,2502768610,max_area_overlap
25027751102,290,Sutton,2502768610,max_area_overlap
25027752100,77,Douglas,2502717300,max_area_overlap
25027753100,226,Oxford,2502751825,max_area_overlap
25027753200,226,Oxford,2502751825,max_area_overlap
25027754100,316,Webster,2502773895,max_area_overlap
25027754200,316,Webster,2502773895,max_area_overlap
25027754300,316,Webster,2502773895,max_area_overlap
25027754400,316,Webster,2502773895,max_area_overlap
25027755100,80,Dudley,2502717685,max_area_overlap
25027755200,80,Dudley,2502717685,max_area_overlap
25027756101,54,Charlton,2502712715,max_area_overlap
25027756102,54,Charlton,2502712715,max_area_overlap
25027757100,278,Southbridge,2502763345,max_area_overlap
25027757200,278,Southbridge,2502763345,max_area_overlap
25027757300,278,Southbridge,2502763345,max_area_overlap
25027757400,278,Southbridge,2502763345,max_area_overlap
25027757500,278,Southbridge,2502763345,max_area_overlap
25027758101,287,Sturbridge,2502768155,max_area_overlap
25027758102,287,Sturbridge,2502768155,max_area_overlap
25027759100,84,East Brookfield,2502718560,max_area_overlap
25027760100,45,Brookfield,2502709105,max_area_overlap
25027761100,311,Warren,2502773090,max_area_overlap
25027761200,328,Westborough,2502775015,max_area_overlap
25027761300,110,Grafton,2502726430,max_area_overlap
25027761400,125,Harvard,2502728950,max_area_overlap
